{
  "hosting": {
    "public": "build",
    "rewrites": [
      {
        "source": "**",
        "destination": "/index.html"
      }
    ],
    "ignore": ["firebase.json", "**/.*", "**/node_modules/**"],
    "headers": [
      {
        "source": "**/*.@(eot|otf|ttf|ttc|woff|font.css)",
        "headers": [
          {
            "key": "Access-Control-Allow-Origin",
            "value": "*"
          }
        ]
      },
      {
        "source": "**/*.@(js|css)",
        "headers": [
          {
            "key": "Cache-Control",
            "value": "max-age=604800"
          }
        ]
      },
      {
        "source": "**/*.@(jpg|jpeg|gif|png|svg|ico)",
        "headers": [
          {
            "key": "Cache-Control",
            "value": "max-age=604800"
          }
        ]
      }
    ]
  }
}
